"customer_id","name","gender","phone","address"
"1","顾客1","M","13800000001","上海市浦东新区001"
"2","顾客2","F","13800000002","上海市浦东新区002"
"3","顾客3","M","13800000003","上海市浦东新区003"
"4","顾客4","F","13800000004","上海市浦东新区004"
"5","顾客5","M","13800000005","上海市浦东新区005"
"6","顾客6","F","13800000006","上海市浦东新区006"
"7","顾客7","M","13800000007","上海市浦东新区007"
"8","顾客8","F","13800000008","上海市浦东新区008"
"9","顾客9","M","13800000009","上海市浦东新区009"
"10","顾客10","F","13800000010","上海市浦东新区010"
"11","顾客11","M","13800000011","上海市浦东新区011"
"12","顾客12","F","13800000012","上海市浦东新区012"
"13","顾客13","M","13800000013","上海市浦东新区013"
"14","顾客14","F","13800000014","上海市浦东新区014"
"15","顾客15","M","13800000015","上海市浦东新区015"
"16","顾客16","F","13800000016","上海市浦东新区016"
"17","顾客17","M","13800000017","上海市浦东新区017"
"18","顾客18","F","13800000018","上海市浦东新区018"
"19","顾客19","M","13800000019","上海市浦东新区019"
"20","顾客20","F","13800000020","上海市浦东新区020"
"21","顾客21","M","13800000021","上海市浦东新区021"
"22","顾客22","F","13800000022","上海市浦东新区022"
"23","顾客23","M","13800000023","上海市浦东新区023"
"24","顾客24","F","13800000024","上海市浦东新区024"
"25","顾客25","M","13800000025","上海市浦东新区025"
"26","顾客26","F","13800000026","上海市浦东新区026"
"27","顾客27","M","13800000027","上海市浦东新区027"
"28","顾客28","F","13800000028","上海市浦东新区028"
"29","顾客29","M","13800000029","上海市浦东新区029"
"30","顾客30","F","13800000030","上海市浦东新区030"
"31","顾客31","M","13800000031","上海市浦东新区031"
"32","顾客32","F","13800000032","上海市浦东新区032"
"33","顾客33","M","13800000033","上海市浦东新区033"
"34","顾客34","F","13800000034","上海市浦东新区034"
"35","顾客35","M","13800000035","上海市浦东新区035"
"36","顾客36","F","13800000036","上海市浦东新区036"
"37","顾客37","M","13800000037","上海市浦东新区037"
"38","顾客38","F","13800000038","上海市浦东新区038"
"39","顾客39","M","13800000039","上海市浦东新区039"
"40","顾客40","F","13800000040","上海市浦东新区040"
"41","顾客41","M","13800000041","上海市浦东新区041"
"42","顾客42","F","13800000042","上海市浦东新区042"
"43","顾客43","M","13800000043","上海市浦东新区043"
"44","顾客44","F","13800000044","上海市浦东新区044"
"45","顾客45","M","13800000045","上海市浦东新区045"
"46","顾客46","F","13800000046","上海市浦东新区046"
"47","顾客47","M","13800000047","上海市浦东新区047"
"48","顾客48","F","13800000048","上海市浦东新区048"
"49","顾客49","M","13800000049","上海市浦东新区049"
"50","顾客50","F","13800000050","上海市浦东新区050"
"51","顾客51","M","13800000051","上海市浦东新区051"
"52","顾客52","F","13800000052","上海市浦东新区052"
"53","顾客53","M","13800000053","上海市浦东新区053"
"54","顾客54","F","13800000054","上海市浦东新区054"
"55","顾客55","M","13800000055","上海市浦东新区055"
"56","顾客56","F","13800000056","上海市浦东新区056"
"57","顾客57","M","13800000057","上海市浦东新区057"
"58","顾客58","F","13800000058","上海市浦东新区058"
"59","顾客59","M","13800000059","上海市浦东新区059"
"60","顾客60","F","13800000060","上海市浦东新区060"
"61","顾客61","M","13800000061","上海市浦东新区061"
"62","顾客62","F","13800000062","上海市浦东新区062"
"63","顾客63","M","13800000063","上海市浦东新区063"
"64","顾客64","F","13800000064","上海市浦东新区064"
"65","顾客65","M","13800000065","上海市浦东新区065"
"66","顾客66","F","13800000066","上海市浦东新区066"
"67","顾客67","M","13800000067","上海市浦东新区067"
"68","顾客68","F","13800000068","上海市浦东新区068"
"69","顾客69","M","13800000069","上海市浦东新区069"
"70","顾客70","F","13800000070","上海市浦东新区070"
"71","顾客71","M","13800000071","上海市浦东新区071"
"72","顾客72","F","13800000072","上海市浦东新区072"
"73","顾客73","M","13800000073","上海市浦东新区073"
"74","顾客74","F","13800000074","上海市浦东新区074"
"75","顾客75","M","13800000075","上海市浦东新区075"
"76","顾客76","F","13800000076","上海市浦东新区076"
"77","顾客77","M","13800000077","上海市浦东新区077"
"78","顾客78","F","13800000078","上海市浦东新区078"
"79","顾客79","M","13800000079","上海市浦东新区079"
"80","顾客80","F","13800000080","上海市浦东新区080"
"81","顾客81","M","13800000081","上海市浦东新区081"
"82","顾客82","F","13800000082","上海市浦东新区082"
"83","顾客83","M","13800000083","上海市浦东新区083"
"84","顾客84","F","13800000084","上海市浦东新区084"
"85","顾客85","M","13800000085","上海市浦东新区085"
"86","顾客86","F","13800000086","上海市浦东新区086"
"87","顾客87","M","13800000087","上海市浦东新区087"
"88","顾客88","F","13800000088","上海市浦东新区088"
"89","顾客89","M","13800000089","上海市浦东新区089"
"90","顾客90","F","13800000090","上海市浦东新区090"
"91","顾客91","M","13800000091","上海市浦东新区091"
"92","顾客92","F","13800000092","上海市浦东新区092"
"93","顾客93","M","13800000093","上海市浦东新区093"
"94","顾客94","F","13800000094","上海市浦东新区094"
"95","顾客95","M","13800000095","上海市浦东新区095"
"96","顾客96","F","13800000096","上海市浦东新区096"
"97","顾客97","M","13800000097","上海市浦东新区097"
"98","顾客98","F","13800000098","上海市浦东新区098"
"99","顾客99","M","13800000099","上海市浦东新区099"
"100","顾客100","F","13800000100","上海市浦东新区100"
"101","顾客101","M","13800000101","上海市浦东新区101"
"102","顾客102","F","13800000102","上海市浦东新区102"
"103","顾客103","M","13800000103","上海市浦东新区103"
"104","顾客104","F","13800000104","上海市浦东新区104"
"105","顾客105","M","13800000105","上海市浦东新区105"
"106","顾客106","F","13800000106","上海市浦东新区106"
"107","顾客107","M","13800000107","上海市浦东新区107"
"108","顾客108","F","13800000108","上海市浦东新区108"
"109","顾客109","M","13800000109","上海市浦东新区109"
"110","顾客110","F","13800000110","上海市浦东新区110"
"111","顾客111","M","13800000111","上海市浦东新区111"
"112","顾客112","F","13800000112","上海市浦东新区112"
"113","顾客113","M","13800000113","上海市浦东新区113"
"114","顾客114","F","13800000114","上海市浦东新区114"
"115","顾客115","M","13800000115","上海市浦东新区115"
"116","顾客116","F","13800000116","上海市浦东新区116"
"117","顾客117","M","13800000117","上海市浦东新区117"
"118","顾客118","F","13800000118","上海市浦东新区118"
"119","顾客119","M","13800000119","上海市浦东新区119"
"120","顾客120","F","13800000120","上海市浦东新区120"
"121","顾客121","M","13800000121","上海市浦东新区121"
"122","顾客122","F","13800000122","上海市浦东新区122"
"123","顾客123","M","13800000123","上海市浦东新区123"
"124","顾客124","F","13800000124","上海市浦东新区124"
"125","顾客125","M","13800000125","上海市浦东新区125"
"126","顾客126","F","13800000126","上海市浦东新区126"
"127","顾客127","M","13800000127","上海市浦东新区127"
"128","顾客128","F","13800000128","上海市浦东新区128"
"129","顾客129","M","13800000129","上海市浦东新区129"
"130","顾客130","F","13800000130","上海市浦东新区130"
"131","顾客131","M","13800000131","上海市浦东新区131"
"132","顾客132","F","13800000132","上海市浦东新区132"
"133","顾客133","M","13800000133","上海市浦东新区133"
"134","顾客134","F","13800000134","上海市浦东新区134"
"135","顾客135","M","13800000135","上海市浦东新区135"
"136","顾客136","F","13800000136","上海市浦东新区136"
"137","顾客137","M","13800000137","上海市浦东新区137"
"138","顾客138","F","13800000138","上海市浦东新区138"
"139","顾客139","M","13800000139","上海市浦东新区139"
"140","顾客140","F","13800000140","上海市浦东新区140"
"141","顾客141","M","13800000141","上海市浦东新区141"
"142","顾客142","F","13800000142","上海市浦东新区142"
"143","顾客143","M","13800000143","上海市浦东新区143"
"144","顾客144","F","13800000144","上海市浦东新区144"
"145","顾客145","M","13800000145","上海市浦东新区145"
"146","顾客146","F","13800000146","上海市浦东新区146"
"147","顾客147","M","13800000147","上海市浦东新区147"
"148","顾客148","F","13800000148","上海市浦东新区148"
"149","顾客149","M","13800000149","上海市浦东新区149"
"150","顾客150","F","13800000150","上海市浦东新区150"
"151","顾客151","M","13800000151","上海市浦东新区151"
"152","顾客152","F","13800000152","上海市浦东新区152"
"153","顾客153","M","13800000153","上海市浦东新区153"
"154","顾客154","F","13800000154","上海市浦东新区154"
"155","顾客155","M","13800000155","上海市浦东新区155"
"156","顾客156","F","13800000156","上海市浦东新区156"
"157","顾客157","M","13800000157","上海市浦东新区157"
"158","顾客158","F","13800000158","上海市浦东新区158"
"159","顾客159","M","13800000159","上海市浦东新区159"
"160","顾客160","F","13800000160","上海市浦东新区160"
"161","顾客161","M","13800000161","上海市浦东新区161"
"162","顾客162","F","13800000162","上海市浦东新区162"
"163","顾客163","M","13800000163","上海市浦东新区163"
"164","顾客164","F","13800000164","上海市浦东新区164"
"165","顾客165","M","13800000165","上海市浦东新区165"
"166","顾客166","F","13800000166","上海市浦东新区166"
"167","顾客167","M","13800000167","上海市浦东新区167"
"168","顾客168","F","13800000168","上海市浦东新区168"
"169","顾客169","M","13800000169","上海市浦东新区169"
"170","顾客170","F","13800000170","上海市浦东新区170"
"171","顾客171","M","13800000171","上海市浦东新区171"
"172","顾客172","F","13800000172","上海市浦东新区172"
"173","顾客173","M","13800000173","上海市浦东新区173"
"174","顾客174","F","13800000174","上海市浦东新区174"
"175","顾客175","M","13800000175","上海市浦东新区175"
"176","顾客176","F","13800000176","上海市浦东新区176"
"177","顾客177","M","13800000177","上海市浦东新区177"
"178","顾客178","F","13800000178","上海市浦东新区178"
"179","顾客179","M","13800000179","上海市浦东新区179"
"180","顾客180","F","13800000180","上海市浦东新区180"
"181","顾客181","M","13800000181","上海市浦东新区181"
"182","顾客182","F","13800000182","上海市浦东新区182"
"183","顾客183","M","13800000183","上海市浦东新区183"
"184","顾客184","F","13800000184","上海市浦东新区184"
"185","顾客185","M","13800000185","上海市浦东新区185"
"186","顾客186","F","13800000186","上海市浦东新区186"
"187","顾客187","M","13800000187","上海市浦东新区187"
"188","顾客188","F","13800000188","上海市浦东新区188"
"189","顾客189","M","13800000189","上海市浦东新区189"
"190","顾客190","F","13800000190","上海市浦东新区190"
"191","顾客191","M","13800000191","上海市浦东新区191"
"192","顾客192","F","13800000192","上海市浦东新区192"
"193","顾客193","M","13800000193","上海市浦东新区193"
"194","顾客194","F","13800000194","上海市浦东新区194"
"195","顾客195","M","13800000195","上海市浦东新区195"
"196","顾客196","F","13800000196","上海市浦东新区196"
"197","顾客197","M","13800000197","上海市浦东新区197"
"198","顾客198","F","13800000198","上海市浦东新区198"
"199","顾客199","M","13800000199","上海市浦东新区199"
"200","顾客200","F","13800000200","上海市浦东新区200"
"201","顾客201","M","13800000201","上海市浦东新区201"
"202","顾客202","F","13800000202","上海市浦东新区202"
"203","顾客203","M","13800000203","上海市浦东新区203"
"204","顾客204","F","13800000204","上海市浦东新区204"
"205","顾客205","M","13800000205","上海市浦东新区205"
"206","顾客206","F","13800000206","上海市浦东新区206"
"207","顾客207","M","13800000207","上海市浦东新区207"
"208","顾客208","F","13800000208","上海市浦东新区208"
"209","顾客209","M","13800000209","上海市浦东新区209"
"210","顾客210","F","13800000210","上海市浦东新区210"
"211","顾客211","M","13800000211","上海市浦东新区211"
"212","顾客212","F","13800000212","上海市浦东新区212"
"213","顾客213","M","13800000213","上海市浦东新区213"
"214","顾客214","F","13800000214","上海市浦东新区214"
"215","顾客215","M","13800000215","上海市浦东新区215"
"216","顾客216","F","13800000216","上海市浦东新区216"
"217","顾客217","M","13800000217","上海市浦东新区217"
"218","顾客218","F","13800000218","上海市浦东新区218"
"219","顾客219","M","13800000219","上海市浦东新区219"
"220","顾客220","F","13800000220","上海市浦东新区220"
"221","顾客221","M","13800000221","上海市浦东新区221"
"222","顾客222","F","13800000222","上海市浦东新区222"
"223","顾客223","M","13800000223","上海市浦东新区223"
"224","顾客224","F","13800000224","上海市浦东新区224"
"225","顾客225","M","13800000225","上海市浦东新区225"
"226","顾客226","F","13800000226","上海市浦东新区226"
"227","顾客227","M","13800000227","上海市浦东新区227"
"228","顾客228","F","13800000228","上海市浦东新区228"
"229","顾客229","M","13800000229","上海市浦东新区229"
"230","顾客230","F","13800000230","上海市浦东新区230"
"231","顾客231","M","13800000231","上海市浦东新区231"
"232","顾客232","F","13800000232","上海市浦东新区232"
"233","顾客233","M","13800000233","上海市浦东新区233"
"234","顾客234","F","13800000234","上海市浦东新区234"
"235","顾客235","M","13800000235","上海市浦东新区235"
"236","顾客236","F","13800000236","上海市浦东新区236"
"237","顾客237","M","13800000237","上海市浦东新区237"
"238","顾客238","F","13800000238","上海市浦东新区238"
"239","顾客239","M","13800000239","上海市浦东新区239"
"240","顾客240","F","13800000240","上海市浦东新区240"
"241","顾客241","M","13800000241","上海市浦东新区241"
"242","顾客242","F","13800000242","上海市浦东新区242"
"243","顾客243","M","13800000243","上海市浦东新区243"
"244","顾客244","F","13800000244","上海市浦东新区244"
"245","顾客245","M","13800000245","上海市浦东新区245"
"246","顾客246","F","13800000246","上海市浦东新区246"
"247","顾客247","M","13800000247","上海市浦东新区247"
"248","顾客248","F","13800000248","上海市浦东新区248"
"249","顾客249","M","13800000249","上海市浦东新区249"
"250","顾客250","F","13800000250","上海市浦东新区250"
"251","顾客251","M","13800000251","上海市浦东新区251"
"252","顾客252","F","13800000252","上海市浦东新区252"
"253","顾客253","M","13800000253","上海市浦东新区253"
"254","顾客254","F","13800000254","上海市浦东新区254"
"255","顾客255","M","13800000255","上海市浦东新区255"
"256","顾客256","F","13800000256","上海市浦东新区256"
"257","顾客257","M","13800000257","上海市浦东新区257"
"258","顾客258","F","13800000258","上海市浦东新区258"
"259","顾客259","M","13800000259","上海市浦东新区259"
"260","顾客260","F","13800000260","上海市浦东新区260"
"261","顾客261","M","13800000261","上海市浦东新区261"
"262","顾客262","F","13800000262","上海市浦东新区262"
"263","顾客263","M","13800000263","上海市浦东新区263"
"264","顾客264","F","13800000264","上海市浦东新区264"
"265","顾客265","M","13800000265","上海市浦东新区265"
"266","顾客266","F","13800000266","上海市浦东新区266"
"267","顾客267","M","13800000267","上海市浦东新区267"
"268","顾客268","F","13800000268","上海市浦东新区268"
"269","顾客269","M","13800000269","上海市浦东新区269"
"270","顾客270","F","13800000270","上海市浦东新区270"
"271","顾客271","M","13800000271","上海市浦东新区271"
"272","顾客272","F","13800000272","上海市浦东新区272"
"273","顾客273","M","13800000273","上海市浦东新区273"
"274","顾客274","F","13800000274","上海市浦东新区274"
"275","顾客275","M","13800000275","上海市浦东新区275"
"276","顾客276","F","13800000276","上海市浦东新区276"
"277","顾客277","M","13800000277","上海市浦东新区277"
"278","顾客278","F","13800000278","上海市浦东新区278"
"279","顾客279","M","13800000279","上海市浦东新区279"
"280","顾客280","F","13800000280","上海市浦东新区280"
"281","顾客281","M","13800000281","上海市浦东新区281"
"282","顾客282","F","13800000282","上海市浦东新区282"
"283","顾客283","M","13800000283","上海市浦东新区283"
"284","顾客284","F","13800000284","上海市浦东新区284"
"285","顾客285","M","13800000285","上海市浦东新区285"
"286","顾客286","F","13800000286","上海市浦东新区286"
"287","顾客287","M","13800000287","上海市浦东新区287"
"288","顾客288","F","13800000288","上海市浦东新区288"
"289","顾客289","M","13800000289","上海市浦东新区289"
"290","顾客290","F","13800000290","上海市浦东新区290"
"291","顾客291","M","13800000291","上海市浦东新区291"
"292","顾客292","F","13800000292","上海市浦东新区292"
"293","顾客293","M","13800000293","上海市浦东新区293"
"294","顾客294","F","13800000294","上海市浦东新区294"
"295","顾客295","M","13800000295","上海市浦东新区295"
"296","顾客296","F","13800000296","上海市浦东新区296"
"297","顾客297","M","13800000297","上海市浦东新区297"
"298","顾客298","F","13800000298","上海市浦东新区298"
"299","顾客299","M","13800000299","上海市浦东新区299"
"300","顾客300","F","13800000300","上海市浦东新区300"
"301","顾客301","M","13800000301","上海市浦东新区301"
"302","顾客302","F","13800000302","上海市浦东新区302"
"303","顾客303","M","13800000303","上海市浦东新区303"
"304","顾客304","F","13800000304","上海市浦东新区304"
"305","顾客305","M","13800000305","上海市浦东新区305"
"306","顾客306","F","13800000306","上海市浦东新区306"
"307","顾客307","M","13800000307","上海市浦东新区307"
"308","顾客308","F","13800000308","上海市浦东新区308"
"309","顾客309","M","13800000309","上海市浦东新区309"
"310","顾客310","F","13800000310","上海市浦东新区310"
"311","顾客311","M","13800000311","上海市浦东新区311"
"312","顾客312","F","13800000312","上海市浦东新区312"
"313","顾客313","M","13800000313","上海市浦东新区313"
"314","顾客314","F","13800000314","上海市浦东新区314"
"315","顾客315","M","13800000315","上海市浦东新区315"
"316","顾客316","F","13800000316","上海市浦东新区316"
"317","顾客317","M","13800000317","上海市浦东新区317"
"318","顾客318","F","13800000318","上海市浦东新区318"
"319","顾客319","M","13800000319","上海市浦东新区319"
"320","顾客320","F","13800000320","上海市浦东新区320"
"321","顾客321","M","13800000321","上海市浦东新区321"
"322","顾客322","F","13800000322","上海市浦东新区322"
"323","顾客323","M","13800000323","上海市浦东新区323"
"324","顾客324","F","13800000324","上海市浦东新区324"
"325","顾客325","M","13800000325","上海市浦东新区325"
"326","顾客326","F","13800000326","上海市浦东新区326"
"327","顾客327","M","13800000327","上海市浦东新区327"
"328","顾客328","F","13800000328","上海市浦东新区328"
"329","顾客329","M","13800000329","上海市浦东新区329"
"330","顾客330","F","13800000330","上海市浦东新区330"
"331","顾客331","M","13800000331","上海市浦东新区331"
"332","顾客332","F","13800000332","上海市浦东新区332"
"333","顾客333","M","13800000333","上海市浦东新区333"
"334","顾客334","F","13800000334","上海市浦东新区334"
"335","顾客335","M","13800000335","上海市浦东新区335"
"336","顾客336","F","13800000336","上海市浦东新区336"
"337","顾客337","M","13800000337","上海市浦东新区337"
"338","顾客338","F","13800000338","上海市浦东新区338"
"339","顾客339","M","13800000339","上海市浦东新区339"
"340","顾客340","F","13800000340","上海市浦东新区340"
"341","顾客341","M","13800000341","上海市浦东新区341"
"342","顾客342","F","13800000342","上海市浦东新区342"
"343","顾客343","M","13800000343","上海市浦东新区343"
"344","顾客344","F","13800000344","上海市浦东新区344"
"345","顾客345","M","13800000345","上海市浦东新区345"
"346","顾客346","F","13800000346","上海市浦东新区346"
"347","顾客347","M","13800000347","上海市浦东新区347"
"348","顾客348","F","13800000348","上海市浦东新区348"
"349","顾客349","M","13800000349","上海市浦东新区349"
"350","顾客350","F","13800000350","上海市浦东新区350"
"351","顾客351","M","13800000351","上海市浦东新区351"
"352","顾客352","F","13800000352","上海市浦东新区352"
"353","顾客353","M","13800000353","上海市浦东新区353"
"354","顾客354","F","13800000354","上海市浦东新区354"
"355","顾客355","M","13800000355","上海市浦东新区355"
"356","顾客356","F","13800000356","上海市浦东新区356"
"357","顾客357","M","13800000357","上海市浦东新区357"
"358","顾客358","F","13800000358","上海市浦东新区358"
"359","顾客359","M","13800000359","上海市浦东新区359"
"360","顾客360","F","13800000360","上海市浦东新区360"
"361","顾客361","M","13800000361","上海市浦东新区361"
"362","顾客362","F","13800000362","上海市浦东新区362"
"363","顾客363","M","13800000363","上海市浦东新区363"
"364","顾客364","F","13800000364","上海市浦东新区364"
"365","顾客365","M","13800000365","上海市浦东新区365"
"366","顾客366","F","13800000366","上海市浦东新区366"
"367","顾客367","M","13800000367","上海市浦东新区367"
"368","顾客368","F","13800000368","上海市浦东新区368"
"369","顾客369","M","13800000369","上海市浦东新区369"
"370","顾客370","F","13800000370","上海市浦东新区370"
"371","顾客371","M","13800000371","上海市浦东新区371"
"372","顾客372","F","13800000372","上海市浦东新区372"
"373","顾客373","M","13800000373","上海市浦东新区373"
"374","顾客374","F","13800000374","上海市浦东新区374"
"375","顾客375","M","13800000375","上海市浦东新区375"
"376","顾客376","F","13800000376","上海市浦东新区376"
"377","顾客377","M","13800000377","上海市浦东新区377"
"378","顾客378","F","13800000378","上海市浦东新区378"
"379","顾客379","M","13800000379","上海市浦东新区379"
"380","顾客380","F","13800000380","上海市浦东新区380"
"381","顾客381","M","13800000381","上海市浦东新区381"
"382","顾客382","F","13800000382","上海市浦东新区382"
"383","顾客383","M","13800000383","上海市浦东新区383"
"384","顾客384","F","13800000384","上海市浦东新区384"
"385","顾客385","M","13800000385","上海市浦东新区385"
"386","顾客386","F","13800000386","上海市浦东新区386"
"387","顾客387","M","13800000387","上海市浦东新区387"
"388","顾客388","F","13800000388","上海市浦东新区388"
"389","顾客389","M","13800000389","上海市浦东新区389"
"390","顾客390","F","13800000390","上海市浦东新区390"
"391","顾客391","M","13800000391","上海市浦东新区391"
"392","顾客392","F","13800000392","上海市浦东新区392"
"393","顾客393","M","13800000393","上海市浦东新区393"
"394","顾客394","F","13800000394","上海市浦东新区394"
"395","顾客395","M","13800000395","上海市浦东新区395"
"396","顾客396","F","13800000396","上海市浦东新区396"
"397","顾客397","M","13800000397","上海市浦东新区397"
"398","顾客398","F","13800000398","上海市浦东新区398"
"399","顾客399","M","13800000399","上海市浦东新区399"
"400","顾客400","F","13800000400","上海市浦东新区400"
"401","顾客401","M","13800000401","上海市浦东新区401"
"402","顾客402","F","13800000402","上海市浦东新区402"
"403","顾客403","M","13800000403","上海市浦东新区403"
"404","顾客404","F","13800000404","上海市浦东新区404"
"405","顾客405","M","13800000405","上海市浦东新区405"
"406","顾客406","F","13800000406","上海市浦东新区406"
"407","顾客407","M","13800000407","上海市浦东新区407"
"408","顾客408","F","13800000408","上海市浦东新区408"
"409","顾客409","M","13800000409","上海市浦东新区409"
"410","顾客410","F","13800000410","上海市浦东新区410"
"411","顾客411","M","13800000411","上海市浦东新区411"
"412","顾客412","F","13800000412","上海市浦东新区412"
"413","顾客413","M","13800000413","上海市浦东新区413"
"414","顾客414","F","13800000414","上海市浦东新区414"
"415","顾客415","M","13800000415","上海市浦东新区415"
"416","顾客416","F","13800000416","上海市浦东新区416"
"417","顾客417","M","13800000417","上海市浦东新区417"
"418","顾客418","F","13800000418","上海市浦东新区418"
"419","顾客419","M","13800000419","上海市浦东新区419"
"420","顾客420","F","13800000420","上海市浦东新区420"
"421","顾客421","M","13800000421","上海市浦东新区421"
"422","顾客422","F","13800000422","上海市浦东新区422"
"423","顾客423","M","13800000423","上海市浦东新区423"
"424","顾客424","F","13800000424","上海市浦东新区424"
"425","顾客425","M","13800000425","上海市浦东新区425"
"426","顾客426","F","13800000426","上海市浦东新区426"
"427","顾客427","M","13800000427","上海市浦东新区427"
"428","顾客428","F","13800000428","上海市浦东新区428"
"429","顾客429","M","13800000429","上海市浦东新区429"
"430","顾客430","F","13800000430","上海市浦东新区430"
"431","顾客431","M","13800000431","上海市浦东新区431"
"432","顾客432","F","13800000432","上海市浦东新区432"
"433","顾客433","M","13800000433","上海市浦东新区433"
"434","顾客434","F","13800000434","上海市浦东新区434"
"435","顾客435","M","13800000435","上海市浦东新区435"
"436","顾客436","F","13800000436","上海市浦东新区436"
"437","顾客437","M","13800000437","上海市浦东新区437"
"438","顾客438","F","13800000438","上海市浦东新区438"
"439","顾客439","M","13800000439","上海市浦东新区439"
"440","顾客440","F","13800000440","上海市浦东新区440"
"441","顾客441","M","13800000441","上海市浦东新区441"
"442","顾客442","F","13800000442","上海市浦东新区442"
"443","顾客443","M","13800000443","上海市浦东新区443"
"444","顾客444","F","13800000444","上海市浦东新区444"
"445","顾客445","M","13800000445","上海市浦东新区445"
"446","顾客446","F","13800000446","上海市浦东新区446"
"447","顾客447","M","13800000447","上海市浦东新区447"
"448","顾客448","F","13800000448","上海市浦东新区448"
"449","顾客449","M","13800000449","上海市浦东新区449"
"450","顾客450","F","13800000450","上海市浦东新区450"
"451","顾客451","M","13800000451","上海市浦东新区451"
"452","顾客452","F","13800000452","上海市浦东新区452"
"453","顾客453","M","13800000453","上海市浦东新区453"
"454","顾客454","F","13800000454","上海市浦东新区454"
"455","顾客455","M","13800000455","上海市浦东新区455"
"456","顾客456","F","13800000456","上海市浦东新区456"
"457","顾客457","M","13800000457","上海市浦东新区457"
"458","顾客458","F","13800000458","上海市浦东新区458"
"459","顾客459","M","13800000459","上海市浦东新区459"
"460","顾客460","F","13800000460","上海市浦东新区460"
"461","顾客461","M","13800000461","上海市浦东新区461"
"462","顾客462","F","13800000462","上海市浦东新区462"
"463","顾客463","M","13800000463","上海市浦东新区463"
"464","顾客464","F","13800000464","上海市浦东新区464"
"465","顾客465","M","13800000465","上海市浦东新区465"
"466","顾客466","F","13800000466","上海市浦东新区466"
"467","顾客467","M","13800000467","上海市浦东新区467"
"468","顾客468","F","13800000468","上海市浦东新区468"
"469","顾客469","M","13800000469","上海市浦东新区469"
"470","顾客470","F","13800000470","上海市浦东新区470"
"471","顾客471","M","13800000471","上海市浦东新区471"
"472","顾客472","F","13800000472","上海市浦东新区472"
"473","顾客473","M","13800000473","上海市浦东新区473"
"474","顾客474","F","13800000474","上海市浦东新区474"
"475","顾客475","M","13800000475","上海市浦东新区475"
"476","顾客476","F","13800000476","上海市浦东新区476"
"477","顾客477","M","13800000477","上海市浦东新区477"
"478","顾客478","F","13800000478","上海市浦东新区478"
"479","顾客479","M","13800000479","上海市浦东新区479"
"480","顾客480","F","13800000480","上海市浦东新区480"
"481","顾客481","M","13800000481","上海市浦东新区481"
"482","顾客482","F","13800000482","上海市浦东新区482"
"483","顾客483","M","13800000483","上海市浦东新区483"
"484","顾客484","F","13800000484","上海市浦东新区484"
"485","顾客485","M","13800000485","上海市浦东新区485"
"486","顾客486","F","13800000486","上海市浦东新区486"
"487","顾客487","M","13800000487","上海市浦东新区487"
"488","顾客488","F","13800000488","上海市浦东新区488"
"489","顾客489","M","13800000489","上海市浦东新区489"
"490","顾客490","F","13800000490","上海市浦东新区490"
"491","顾客491","M","13800000491","上海市浦东新区491"
"492","顾客492","F","13800000492","上海市浦东新区492"
"493","顾客493","M","13800000493","上海市浦东新区493"
"494","顾客494","F","13800000494","上海市浦东新区494"
"495","顾客495","M","13800000495","上海市浦东新区495"
"496","顾客496","F","13800000496","上海市浦东新区496"
"497","顾客497","M","13800000497","上海市浦东新区497"
"498","顾客498","F","13800000498","上海市浦东新区498"
"499","顾客499","M","13800000499","上海市浦东新区499"
"500","顾客500","F","13800000500","上海市浦东新区500"
"501","顾客501","M","13800000501","上海市浦东新区501"
"502","顾客502","F","13800000502","上海市浦东新区502"
"503","顾客503","M","13800000503","上海市浦东新区503"
"504","顾客504","F","13800000504","上海市浦东新区504"
"505","顾客505","M","13800000505","上海市浦东新区505"
"506","顾客506","F","13800000506","上海市浦东新区506"
"507","顾客507","M","13800000507","上海市浦东新区507"
"508","顾客508","F","13800000508","上海市浦东新区508"
"509","顾客509","M","13800000509","上海市浦东新区509"
"510","顾客510","F","13800000510","上海市浦东新区510"
"511","顾客511","M","13800000511","上海市浦东新区511"
"512","顾客512","F","13800000512","上海市浦东新区512"
"513","顾客513","M","13800000513","上海市浦东新区513"
"514","顾客514","F","13800000514","上海市浦东新区514"
"515","顾客515","M","13800000515","上海市浦东新区515"
"516","顾客516","F","13800000516","上海市浦东新区516"
"517","顾客517","M","13800000517","上海市浦东新区517"
"518","顾客518","F","13800000518","上海市浦东新区518"
"519","顾客519","M","13800000519","上海市浦东新区519"
"520","顾客520","F","13800000520","上海市浦东新区520"
"521","顾客521","M","13800000521","上海市浦东新区521"
"522","顾客522","F","13800000522","上海市浦东新区522"
"523","顾客523","M","13800000523","上海市浦东新区523"
"524","顾客524","F","13800000524","上海市浦东新区524"
"525","顾客525","M","13800000525","上海市浦东新区525"
"526","顾客526","F","13800000526","上海市浦东新区526"
"527","顾客527","M","13800000527","上海市浦东新区527"
"528","顾客528","F","13800000528","上海市浦东新区528"
"529","顾客529","M","13800000529","上海市浦东新区529"
"530","顾客530","F","13800000530","上海市浦东新区530"
"531","顾客531","M","13800000531","上海市浦东新区531"
"532","顾客532","F","13800000532","上海市浦东新区532"
"533","顾客533","M","13800000533","上海市浦东新区533"
"534","顾客534","F","13800000534","上海市浦东新区534"
"535","顾客535","M","13800000535","上海市浦东新区535"
"536","顾客536","F","13800000536","上海市浦东新区536"
"537","顾客537","M","13800000537","上海市浦东新区537"
"538","顾客538","F","13800000538","上海市浦东新区538"
"539","顾客539","M","13800000539","上海市浦东新区539"
"540","顾客540","F","13800000540","上海市浦东新区540"
"541","顾客541","M","13800000541","上海市浦东新区541"
"542","顾客542","F","13800000542","上海市浦东新区542"
"543","顾客543","M","13800000543","上海市浦东新区543"
"544","顾客544","F","13800000544","上海市浦东新区544"
"545","顾客545","M","13800000545","上海市浦东新区545"
"546","顾客546","F","13800000546","上海市浦东新区546"
"547","顾客547","M","13800000547","上海市浦东新区547"
"548","顾客548","F","13800000548","上海市浦东新区548"
"549","顾客549","M","13800000549","上海市浦东新区549"
"550","顾客550","F","13800000550","上海市浦东新区550"
"551","顾客551","M","13800000551","上海市浦东新区551"
"552","顾客552","F","13800000552","上海市浦东新区552"
"553","顾客553","M","13800000553","上海市浦东新区553"
"554","顾客554","F","13800000554","上海市浦东新区554"
"555","顾客555","M","13800000555","上海市浦东新区555"
"556","顾客556","F","13800000556","上海市浦东新区556"
"557","顾客557","M","13800000557","上海市浦东新区557"
"558","顾客558","F","13800000558","上海市浦东新区558"
"559","顾客559","M","13800000559","上海市浦东新区559"
"560","顾客560","F","13800000560","上海市浦东新区560"
"561","顾客561","M","13800000561","上海市浦东新区561"
"562","顾客562","F","13800000562","上海市浦东新区562"
"563","顾客563","M","13800000563","上海市浦东新区563"
"564","顾客564","F","13800000564","上海市浦东新区564"
"565","顾客565","M","13800000565","上海市浦东新区565"
"566","顾客566","F","13800000566","上海市浦东新区566"
"567","顾客567","M","13800000567","上海市浦东新区567"
"568","顾客568","F","13800000568","上海市浦东新区568"
"569","顾客569","M","13800000569","上海市浦东新区569"
"570","顾客570","F","13800000570","上海市浦东新区570"
"571","顾客571","M","13800000571","上海市浦东新区571"
"572","顾客572","F","13800000572","上海市浦东新区572"
"573","顾客573","M","13800000573","上海市浦东新区573"
"574","顾客574","F","13800000574","上海市浦东新区574"
"575","顾客575","M","13800000575","上海市浦东新区575"
"576","顾客576","F","13800000576","上海市浦东新区576"
"577","顾客577","M","13800000577","上海市浦东新区577"
"578","顾客578","F","13800000578","上海市浦东新区578"
"579","顾客579","M","13800000579","上海市浦东新区579"
"580","顾客580","F","13800000580","上海市浦东新区580"
"581","顾客581","M","13800000581","上海市浦东新区581"
"582","顾客582","F","13800000582","上海市浦东新区582"
"583","顾客583","M","13800000583","上海市浦东新区583"
"584","顾客584","F","13800000584","上海市浦东新区584"
"585","顾客585","M","13800000585","上海市浦东新区585"
"586","顾客586","F","13800000586","上海市浦东新区586"
"587","顾客587","M","13800000587","上海市浦东新区587"
"588","顾客588","F","13800000588","上海市浦东新区588"
"589","顾客589","M","13800000589","上海市浦东新区589"
"590","顾客590","F","13800000590","上海市浦东新区590"
"591","顾客591","M","13800000591","上海市浦东新区591"
"592","顾客592","F","13800000592","上海市浦东新区592"
"593","顾客593","M","13800000593","上海市浦东新区593"
"594","顾客594","F","13800000594","上海市浦东新区594"
"595","顾客595","M","13800000595","上海市浦东新区595"
"596","顾客596","F","13800000596","上海市浦东新区596"
"597","顾客597","M","13800000597","上海市浦东新区597"
"598","顾客598","F","13800000598","上海市浦东新区598"
"599","顾客599","M","13800000599","上海市浦东新区599"
"600","顾客600","F","13800000600","上海市浦东新区600"
"601","顾客601","M","13800000601","上海市浦东新区601"
"602","顾客602","F","13800000602","上海市浦东新区602"
"603","顾客603","M","13800000603","上海市浦东新区603"
"604","顾客604","F","13800000604","上海市浦东新区604"
"605","顾客605","M","13800000605","上海市浦东新区605"
"606","顾客606","F","13800000606","上海市浦东新区606"
"607","顾客607","M","13800000607","上海市浦东新区607"
"608","顾客608","F","13800000608","上海市浦东新区608"
"609","顾客609","M","13800000609","上海市浦东新区609"
"610","顾客610","F","13800000610","上海市浦东新区610"
"611","顾客611","M","13800000611","上海市浦东新区611"
"612","顾客612","F","13800000612","上海市浦东新区612"
"613","顾客613","M","13800000613","上海市浦东新区613"
"614","顾客614","F","13800000614","上海市浦东新区614"
"615","顾客615","M","13800000615","上海市浦东新区615"
"616","顾客616","F","13800000616","上海市浦东新区616"
"617","顾客617","M","13800000617","上海市浦东新区617"
"618","顾客618","F","13800000618","上海市浦东新区618"
"619","顾客619","M","13800000619","上海市浦东新区619"
"620","顾客620","F","13800000620","上海市浦东新区620"
"621","顾客621","M","13800000621","上海市浦东新区621"
"622","顾客622","F","13800000622","上海市浦东新区622"
"623","顾客623","M","13800000623","上海市浦东新区623"
"624","顾客624","F","13800000624","上海市浦东新区624"
"625","顾客625","M","13800000625","上海市浦东新区625"
"626","顾客626","F","13800000626","上海市浦东新区626"
"627","顾客627","M","13800000627","上海市浦东新区627"
"628","顾客628","F","13800000628","上海市浦东新区628"
"629","顾客629","M","13800000629","上海市浦东新区629"
"630","顾客630","F","13800000630","上海市浦东新区630"
"631","顾客631","M","13800000631","上海市浦东新区631"
"632","顾客632","F","13800000632","上海市浦东新区632"
"633","顾客633","M","13800000633","上海市浦东新区633"
"634","顾客634","F","13800000634","上海市浦东新区634"
"635","顾客635","M","13800000635","上海市浦东新区635"
"636","顾客636","F","13800000636","上海市浦东新区636"
"637","顾客637","M","13800000637","上海市浦东新区637"
"638","顾客638","F","13800000638","上海市浦东新区638"
"639","顾客639","M","13800000639","上海市浦东新区639"
"640","顾客640","F","13800000640","上海市浦东新区640"
"641","顾客641","M","13800000641","上海市浦东新区641"
"642","顾客642","F","13800000642","上海市浦东新区642"
"643","顾客643","M","13800000643","上海市浦东新区643"
"644","顾客644","F","13800000644","上海市浦东新区644"
"645","顾客645","M","13800000645","上海市浦东新区645"
"646","顾客646","F","13800000646","上海市浦东新区646"
"647","顾客647","M","13800000647","上海市浦东新区647"
"648","顾客648","F","13800000648","上海市浦东新区648"
"649","顾客649","M","13800000649","上海市浦东新区649"
"650","顾客650","F","13800000650","上海市浦东新区650"
"651","顾客651","M","13800000651","上海市浦东新区651"
"652","顾客652","F","13800000652","上海市浦东新区652"
"653","顾客653","M","13800000653","上海市浦东新区653"
"654","顾客654","F","13800000654","上海市浦东新区654"
"655","顾客655","M","13800000655","上海市浦东新区655"
"656","顾客656","F","13800000656","上海市浦东新区656"
"657","顾客657","M","13800000657","上海市浦东新区657"
"658","顾客658","F","13800000658","上海市浦东新区658"
"659","顾客659","M","13800000659","上海市浦东新区659"
"660","顾客660","F","13800000660","上海市浦东新区660"
"661","顾客661","M","13800000661","上海市浦东新区661"
"662","顾客662","F","13800000662","上海市浦东新区662"
"663","顾客663","M","13800000663","上海市浦东新区663"
"664","顾客664","F","13800000664","上海市浦东新区664"
"665","顾客665","M","13800000665","上海市浦东新区665"
"666","顾客666","F","13800000666","上海市浦东新区666"
"667","顾客667","M","13800000667","上海市浦东新区667"
"668","顾客668","F","13800000668","上海市浦东新区668"
"669","顾客669","M","13800000669","上海市浦东新区669"
"670","顾客670","F","13800000670","上海市浦东新区670"
"671","顾客671","M","13800000671","上海市浦东新区671"
"672","顾客672","F","13800000672","上海市浦东新区672"
"673","顾客673","M","13800000673","上海市浦东新区673"
"674","顾客674","F","13800000674","上海市浦东新区674"
"675","顾客675","M","13800000675","上海市浦东新区675"
"676","顾客676","F","13800000676","上海市浦东新区676"
"677","顾客677","M","13800000677","上海市浦东新区677"
"678","顾客678","F","13800000678","上海市浦东新区678"
"679","顾客679","M","13800000679","上海市浦东新区679"
"680","顾客680","F","13800000680","上海市浦东新区680"
"681","顾客681","M","13800000681","上海市浦东新区681"
"682","顾客682","F","13800000682","上海市浦东新区682"
"683","顾客683","M","13800000683","上海市浦东新区683"
"684","顾客684","F","13800000684","上海市浦东新区684"
"685","顾客685","M","13800000685","上海市浦东新区685"
"686","顾客686","F","13800000686","上海市浦东新区686"
"687","顾客687","M","13800000687","上海市浦东新区687"
"688","顾客688","F","13800000688","上海市浦东新区688"
"689","顾客689","M","13800000689","上海市浦东新区689"
"690","顾客690","F","13800000690","上海市浦东新区690"
"691","顾客691","M","13800000691","上海市浦东新区691"
"692","顾客692","F","13800000692","上海市浦东新区692"
"693","顾客693","M","13800000693","上海市浦东新区693"
"694","顾客694","F","13800000694","上海市浦东新区694"
"695","顾客695","M","13800000695","上海市浦东新区695"
"696","顾客696","F","13800000696","上海市浦东新区696"
"697","顾客697","M","13800000697","上海市浦东新区697"
"698","顾客698","F","13800000698","上海市浦东新区698"
"699","顾客699","M","13800000699","上海市浦东新区699"
"700","顾客700","F","13800000700","上海市浦东新区700"
"701","顾客701","M","13800000701","上海市浦东新区701"
"702","顾客702","F","13800000702","上海市浦东新区702"
"703","顾客703","M","13800000703","上海市浦东新区703"
"704","顾客704","F","13800000704","上海市浦东新区704"
"705","顾客705","M","13800000705","上海市浦东新区705"
"706","顾客706","F","13800000706","上海市浦东新区706"
"707","顾客707","M","13800000707","上海市浦东新区707"
"708","顾客708","F","13800000708","上海市浦东新区708"
"709","顾客709","M","13800000709","上海市浦东新区709"
"710","顾客710","F","13800000710","上海市浦东新区710"
"711","顾客711","M","13800000711","上海市浦东新区711"
"712","顾客712","F","13800000712","上海市浦东新区712"
"713","顾客713","M","13800000713","上海市浦东新区713"
"714","顾客714","F","13800000714","上海市浦东新区714"
"715","顾客715","M","13800000715","上海市浦东新区715"
"716","顾客716","F","13800000716","上海市浦东新区716"
"717","顾客717","M","13800000717","上海市浦东新区717"
"718","顾客718","F","13800000718","上海市浦东新区718"
"719","顾客719","M","13800000719","上海市浦东新区719"
"720","顾客720","F","13800000720","上海市浦东新区720"
"721","顾客721","M","13800000721","上海市浦东新区721"
"722","顾客722","F","13800000722","上海市浦东新区722"
"723","顾客723","M","13800000723","上海市浦东新区723"
"724","顾客724","F","13800000724","上海市浦东新区724"
"725","顾客725","M","13800000725","上海市浦东新区725"
"726","顾客726","F","13800000726","上海市浦东新区726"
"727","顾客727","M","13800000727","上海市浦东新区727"
"728","顾客728","F","13800000728","上海市浦东新区728"
"729","顾客729","M","13800000729","上海市浦东新区729"
"730","顾客730","F","13800000730","上海市浦东新区730"
"731","顾客731","M","13800000731","上海市浦东新区731"
"732","顾客732","F","13800000732","上海市浦东新区732"
"733","顾客733","M","13800000733","上海市浦东新区733"
"734","顾客734","F","13800000734","上海市浦东新区734"
"735","顾客735","M","13800000735","上海市浦东新区735"
"736","顾客736","F","13800000736","上海市浦东新区736"
"737","顾客737","M","13800000737","上海市浦东新区737"
"738","顾客738","F","13800000738","上海市浦东新区738"
"739","顾客739","M","13800000739","上海市浦东新区739"
"740","顾客740","F","13800000740","上海市浦东新区740"
"741","顾客741","M","13800000741","上海市浦东新区741"
"742","顾客742","F","13800000742","上海市浦东新区742"
"743","顾客743","M","13800000743","上海市浦东新区743"
"744","顾客744","F","13800000744","上海市浦东新区744"
"745","顾客745","M","13800000745","上海市浦东新区745"
"746","顾客746","F","13800000746","上海市浦东新区746"
"747","顾客747","M","13800000747","上海市浦东新区747"
"748","顾客748","F","13800000748","上海市浦东新区748"
"749","顾客749","M","13800000749","上海市浦东新区749"
"750","顾客750","F","13800000750","上海市浦东新区750"
"751","顾客751","M","13800000751","上海市浦东新区751"
"752","顾客752","F","13800000752","上海市浦东新区752"
"753","顾客753","M","13800000753","上海市浦东新区753"
"754","顾客754","F","13800000754","上海市浦东新区754"
"755","顾客755","M","13800000755","上海市浦东新区755"
"756","顾客756","F","13800000756","上海市浦东新区756"
"757","顾客757","M","13800000757","上海市浦东新区757"
"758","顾客758","F","13800000758","上海市浦东新区758"
"759","顾客759","M","13800000759","上海市浦东新区759"
"760","顾客760","F","13800000760","上海市浦东新区760"
"761","顾客761","M","13800000761","上海市浦东新区761"
"762","顾客762","F","13800000762","上海市浦东新区762"
"763","顾客763","M","13800000763","上海市浦东新区763"
"764","顾客764","F","13800000764","上海市浦东新区764"
"765","顾客765","M","13800000765","上海市浦东新区765"
"766","顾客766","F","13800000766","上海市浦东新区766"
"767","顾客767","M","13800000767","上海市浦东新区767"
"768","顾客768","F","13800000768","上海市浦东新区768"
"769","顾客769","M","13800000769","上海市浦东新区769"
"770","顾客770","F","13800000770","上海市浦东新区770"
"771","顾客771","M","13800000771","上海市浦东新区771"
"772","顾客772","F","13800000772","上海市浦东新区772"
"773","顾客773","M","13800000773","上海市浦东新区773"
"774","顾客774","F","13800000774","上海市浦东新区774"
"775","顾客775","M","13800000775","上海市浦东新区775"
"776","顾客776","F","13800000776","上海市浦东新区776"
"777","顾客777","M","13800000777","上海市浦东新区777"
"778","顾客778","F","13800000778","上海市浦东新区778"
"779","顾客779","M","13800000779","上海市浦东新区779"
"780","顾客780","F","13800000780","上海市浦东新区780"
"781","顾客781","M","13800000781","上海市浦东新区781"
"782","顾客782","F","13800000782","上海市浦东新区782"
"783","顾客783","M","13800000783","上海市浦东新区783"
"784","顾客784","F","13800000784","上海市浦东新区784"
"785","顾客785","M","13800000785","上海市浦东新区785"
"786","顾客786","F","13800000786","上海市浦东新区786"
"787","顾客787","M","13800000787","上海市浦东新区787"
"788","顾客788","F","13800000788","上海市浦东新区788"
"789","顾客789","M","13800000789","上海市浦东新区789"
"790","顾客790","F","13800000790","上海市浦东新区790"
"791","顾客791","M","13800000791","上海市浦东新区791"
"792","顾客792","F","13800000792","上海市浦东新区792"
"793","顾客793","M","13800000793","上海市浦东新区793"
"794","顾客794","F","13800000794","上海市浦东新区794"
"795","顾客795","M","13800000795","上海市浦东新区795"
"796","顾客796","F","13800000796","上海市浦东新区796"
"797","顾客797","M","13800000797","上海市浦东新区797"
"798","顾客798","F","13800000798","上海市浦东新区798"
"799","顾客799","M","13800000799","上海市浦东新区799"
"800","顾客800","F","13800000800","上海市浦东新区800"
"801","顾客801","M","13800000801","上海市浦东新区801"
"802","顾客802","F","13800000802","上海市浦东新区802"
"803","顾客803","M","13800000803","上海市浦东新区803"
"804","顾客804","F","13800000804","上海市浦东新区804"
"805","顾客805","M","13800000805","上海市浦东新区805"
"806","顾客806","F","13800000806","上海市浦东新区806"
"807","顾客807","M","13800000807","上海市浦东新区807"
"808","顾客808","F","13800000808","上海市浦东新区808"
"809","顾客809","M","13800000809","上海市浦东新区809"
"810","顾客810","F","13800000810","上海市浦东新区810"
"811","顾客811","M","13800000811","上海市浦东新区811"
"812","顾客812","F","13800000812","上海市浦东新区812"
"813","顾客813","M","13800000813","上海市浦东新区813"
"814","顾客814","F","13800000814","上海市浦东新区814"
"815","顾客815","M","13800000815","上海市浦东新区815"
"816","顾客816","F","13800000816","上海市浦东新区816"
"817","顾客817","M","13800000817","上海市浦东新区817"
"818","顾客818","F","13800000818","上海市浦东新区818"
"819","顾客819","M","13800000819","上海市浦东新区819"
"820","顾客820","F","13800000820","上海市浦东新区820"
"821","顾客821","M","13800000821","上海市浦东新区821"
"822","顾客822","F","13800000822","上海市浦东新区822"
"823","顾客823","M","13800000823","上海市浦东新区823"
"824","顾客824","F","13800000824","上海市浦东新区824"
"825","顾客825","M","13800000825","上海市浦东新区825"
"826","顾客826","F","13800000826","上海市浦东新区826"
"827","顾客827","M","13800000827","上海市浦东新区827"
"828","顾客828","F","13800000828","上海市浦东新区828"
"829","顾客829","M","13800000829","上海市浦东新区829"
"830","顾客830","F","13800000830","上海市浦东新区830"
"831","顾客831","M","13800000831","上海市浦东新区831"
"832","顾客832","F","13800000832","上海市浦东新区832"
"833","顾客833","M","13800000833","上海市浦东新区833"
"834","顾客834","F","13800000834","上海市浦东新区834"
"835","顾客835","M","13800000835","上海市浦东新区835"
"836","顾客836","F","13800000836","上海市浦东新区836"
"837","顾客837","M","13800000837","上海市浦东新区837"
"838","顾客838","F","13800000838","上海市浦东新区838"
"839","顾客839","M","13800000839","上海市浦东新区839"
"840","顾客840","F","13800000840","上海市浦东新区840"
"841","顾客841","M","13800000841","上海市浦东新区841"
"842","顾客842","F","13800000842","上海市浦东新区842"
"843","顾客843","M","13800000843","上海市浦东新区843"
"844","顾客844","F","13800000844","上海市浦东新区844"
"845","顾客845","M","13800000845","上海市浦东新区845"
"846","顾客846","F","13800000846","上海市浦东新区846"
"847","顾客847","M","13800000847","上海市浦东新区847"
"848","顾客848","F","13800000848","上海市浦东新区848"
"849","顾客849","M","13800000849","上海市浦东新区849"
"850","顾客850","F","13800000850","上海市浦东新区850"
"851","顾客851","M","13800000851","上海市浦东新区851"
"852","顾客852","F","13800000852","上海市浦东新区852"
"853","顾客853","M","13800000853","上海市浦东新区853"
"854","顾客854","F","13800000854","上海市浦东新区854"
"855","顾客855","M","13800000855","上海市浦东新区855"
"856","顾客856","F","13800000856","上海市浦东新区856"
"857","顾客857","M","13800000857","上海市浦东新区857"
"858","顾客858","F","13800000858","上海市浦东新区858"
"859","顾客859","M","13800000859","上海市浦东新区859"
"860","顾客860","F","13800000860","上海市浦东新区860"
"861","顾客861","M","13800000861","上海市浦东新区861"
"862","顾客862","F","13800000862","上海市浦东新区862"
"863","顾客863","M","13800000863","上海市浦东新区863"
"864","顾客864","F","13800000864","上海市浦东新区864"
"865","顾客865","M","13800000865","上海市浦东新区865"
"866","顾客866","F","13800000866","上海市浦东新区866"
"867","顾客867","M","13800000867","上海市浦东新区867"
"868","顾客868","F","13800000868","上海市浦东新区868"
"869","顾客869","M","13800000869","上海市浦东新区869"
"870","顾客870","F","13800000870","上海市浦东新区870"
"871","顾客871","M","13800000871","上海市浦东新区871"
"872","顾客872","F","13800000872","上海市浦东新区872"
"873","顾客873","M","13800000873","上海市浦东新区873"
"874","顾客874","F","13800000874","上海市浦东新区874"
"875","顾客875","M","13800000875","上海市浦东新区875"
"876","顾客876","F","13800000876","上海市浦东新区876"
"877","顾客877","M","13800000877","上海市浦东新区877"
"878","顾客878","F","13800000878","上海市浦东新区878"
"879","顾客879","M","13800000879","上海市浦东新区879"
"880","顾客880","F","13800000880","上海市浦东新区880"
"881","顾客881","M","13800000881","上海市浦东新区881"
"882","顾客882","F","13800000882","上海市浦东新区882"
"883","顾客883","M","13800000883","上海市浦东新区883"
"884","顾客884","F","13800000884","上海市浦东新区884"
"885","顾客885","M","13800000885","上海市浦东新区885"
"886","顾客886","F","13800000886","上海市浦东新区886"
"887","顾客887","M","13800000887","上海市浦东新区887"
"888","顾客888","F","13800000888","上海市浦东新区888"
"889","顾客889","M","13800000889","上海市浦东新区889"
"890","顾客890","F","13800000890","上海市浦东新区890"
"891","顾客891","M","13800000891","上海市浦东新区891"
"892","顾客892","F","13800000892","上海市浦东新区892"
"893","顾客893","M","13800000893","上海市浦东新区893"
"894","顾客894","F","13800000894","上海市浦东新区894"
"895","顾客895","M","13800000895","上海市浦东新区895"
"896","顾客896","F","13800000896","上海市浦东新区896"
"897","顾客897","M","13800000897","上海市浦东新区897"
"898","顾客898","F","13800000898","上海市浦东新区898"
"899","顾客899","M","13800000899","上海市浦东新区899"
"900","顾客900","F","13800000900","上海市浦东新区900"
"901","顾客901","M","13800000901","上海市浦东新区901"
"902","顾客902","F","13800000902","上海市浦东新区902"
"903","顾客903","M","13800000903","上海市浦东新区903"
"904","顾客904","F","13800000904","上海市浦东新区904"
"905","顾客905","M","13800000905","上海市浦东新区905"
"906","顾客906","F","13800000906","上海市浦东新区906"
"907","顾客907","M","13800000907","上海市浦东新区907"
"908","顾客908","F","13800000908","上海市浦东新区908"
"909","顾客909","M","13800000909","上海市浦东新区909"
"910","顾客910","F","13800000910","上海市浦东新区910"
"911","顾客911","M","13800000911","上海市浦东新区911"
"912","顾客912","F","13800000912","上海市浦东新区912"
"913","顾客913","M","13800000913","上海市浦东新区913"
"914","顾客914","F","13800000914","上海市浦东新区914"
"915","顾客915","M","13800000915","上海市浦东新区915"
"916","顾客916","F","13800000916","上海市浦东新区916"
"917","顾客917","M","13800000917","上海市浦东新区917"
"918","顾客918","F","13800000918","上海市浦东新区918"
"919","顾客919","M","13800000919","上海市浦东新区919"
"920","顾客920","F","13800000920","上海市浦东新区920"
"921","顾客921","M","13800000921","上海市浦东新区921"
"922","顾客922","F","13800000922","上海市浦东新区922"
"923","顾客923","M","13800000923","上海市浦东新区923"
"924","顾客924","F","13800000924","上海市浦东新区924"
"925","顾客925","M","13800000925","上海市浦东新区925"
"926","顾客926","F","13800000926","上海市浦东新区926"
"927","顾客927","M","13800000927","上海市浦东新区927"
"928","顾客928","F","13800000928","上海市浦东新区928"
"929","顾客929","M","13800000929","上海市浦东新区929"
"930","顾客930","F","13800000930","上海市浦东新区930"
"931","顾客931","M","13800000931","上海市浦东新区931"
"932","顾客932","F","13800000932","上海市浦东新区932"
"933","顾客933","M","13800000933","上海市浦东新区933"
"934","顾客934","F","13800000934","上海市浦东新区934"
"935","顾客935","M","13800000935","上海市浦东新区935"
"936","顾客936","F","13800000936","上海市浦东新区936"
"937","顾客937","M","13800000937","上海市浦东新区937"
"938","顾客938","F","13800000938","上海市浦东新区938"
"939","顾客939","M","13800000939","上海市浦东新区939"
"940","顾客940","F","13800000940","上海市浦东新区940"
"941","顾客941","M","13800000941","上海市浦东新区941"
"942","顾客942","F","13800000942","上海市浦东新区942"
"943","顾客943","M","13800000943","上海市浦东新区943"
"944","顾客944","F","13800000944","上海市浦东新区944"
"945","顾客945","M","13800000945","上海市浦东新区945"
"946","顾客946","F","13800000946","上海市浦东新区946"
"947","顾客947","M","13800000947","上海市浦东新区947"
"948","顾客948","F","13800000948","上海市浦东新区948"
"949","顾客949","M","13800000949","上海市浦东新区949"
"950","顾客950","F","13800000950","上海市浦东新区950"
"951","顾客951","M","13800000951","上海市浦东新区951"
"952","顾客952","F","13800000952","上海市浦东新区952"
"953","顾客953","M","13800000953","上海市浦东新区953"
"954","顾客954","F","13800000954","上海市浦东新区954"
"955","顾客955","M","13800000955","上海市浦东新区955"
"956","顾客956","F","13800000956","上海市浦东新区956"
"957","顾客957","M","13800000957","上海市浦东新区957"
"958","顾客958","F","13800000958","上海市浦东新区958"
"959","顾客959","M","13800000959","上海市浦东新区959"
"960","顾客960","F","13800000960","上海市浦东新区960"
"961","顾客961","M","13800000961","上海市浦东新区961"
"962","顾客962","F","13800000962","上海市浦东新区962"
"963","顾客963","M","13800000963","上海市浦东新区963"
"964","顾客964","F","13800000964","上海市浦东新区964"
"965","顾客965","M","13800000965","上海市浦东新区965"
"966","顾客966","F","13800000966","上海市浦东新区966"
"967","顾客967","M","13800000967","上海市浦东新区967"
"968","顾客968","F","13800000968","上海市浦东新区968"
"969","顾客969","M","13800000969","上海市浦东新区969"
"970","顾客970","F","13800000970","上海市浦东新区970"
"971","顾客971","M","13800000971","上海市浦东新区971"
"972","顾客972","F","13800000972","上海市浦东新区972"
"973","顾客973","M","13800000973","上海市浦东新区973"
"974","顾客974","F","13800000974","上海市浦东新区974"
"975","顾客975","M","13800000975","上海市浦东新区975"
"976","顾客976","F","13800000976","上海市浦东新区976"
"977","顾客977","M","13800000977","上海市浦东新区977"
"978","顾客978","F","13800000978","上海市浦东新区978"
"979","顾客979","M","13800000979","上海市浦东新区979"
"980","顾客980","F","13800000980","上海市浦东新区980"
"981","顾客981","M","13800000981","上海市浦东新区981"
"982","顾客982","F","13800000982","上海市浦东新区982"
"983","顾客983","M","13800000983","上海市浦东新区983"
"984","顾客984","F","13800000984","上海市浦东新区984"
"985","顾客985","M","13800000985","上海市浦东新区985"
"986","顾客986","F","13800000986","上海市浦东新区986"
"987","顾客987","M","13800000987","上海市浦东新区987"
"988","顾客988","F","13800000988","上海市浦东新区988"
"989","顾客989","M","13800000989","上海市浦东新区989"
"990","顾客990","F","13800000990","上海市浦东新区990"
"991","顾客991","M","13800000991","上海市浦东新区991"
"992","顾客992","F","13800000992","上海市浦东新区992"
"993","顾客993","M","13800000993","上海市浦东新区993"
"994","顾客994","F","13800000994","上海市浦东新区994"
"995","顾客995","M","13800000995","上海市浦东新区995"
"996","顾客996","F","13800000996","上海市浦东新区996"
"997","顾客997","M","13800000997","上海市浦东新区997"
"998","顾客998","F","13800000998","上海市浦东新区998"
"999","顾客999","M","13800000999","上海市浦东新区999"
"1000","顾客1000","F","13800001000","上海市浦东新区100"
